Image Filename,Caption
1.jpg,a man with a rash on his leg and a man with a rash on his leg
10.jpg,a man's hands with a white background
100.jpg,a close up of a fruit with a red spot
1001.jpeg,a person with a red spot on their foot
1002.jpeg,a woman's lips before and after treatment
1003.jpeg,"a woman with a large, purple, and white substance on her arm"
1004.jpeg,a man with a neck and neck pain
1005a.jpeg,a man with a nose transplant and a nose transplant
1005b.jpeg,before and after tup
1006a.jpeg,a close up of a tooth with a tooth missing
1006b.jpeg,a close up of a tooth with a tooth
1006c.jpeg,a tooth with a tooth and a tooth brush
1006d.jpeg,a person holding a tooth with a tooth
1007a.jpeg,a man with a mouth full of gums
1007b.jpeg,a radiograph of a man's face
1008.jpeg,a man with a tongue sticking out
1009.jpeg,a man laying on a couch with a baby
101.jpg,a woman's back and shoulder before and after her skin removal
1010.jpeg,a col of images showing the different stages of the foot
1011.jpeg,a man with a nose injury
1012.jpeg,mri mri mri mri mri mri mri mri mri mri mri mri mri mri mri mri mri mri mri
1013.jpeg,the left side of the chest shows the left side of the chest and the right side of the
1014a.jpeg,a man with a wound on his neck
1014b.jpeg,a woman with a rash on her back
1015.jpeg,the mri mri mri mri mri mri mri mri mri mri mri mri mri mri mri mri mri mri
1016.jpeg,a before and after a hair transplant
1017.jpeg,a man with a large rash on his head
1018.jpeg,a col of images of the liver and liver
1019.jpeg,a man sitting on a chair with his hands out
1020.jpeg,a close up of a person's eye with a red spot
1021.jpeg,a man in a hospital bed with a iv
1022.jpeg,a man with a nose transplant and a nose transplant
1023.jpeg,a woman's face before and after eyeliding
1024a.jpeg,a close up of a person's head with a surgical instrument
1024b.jpeg,a close up of a metal container filled with food
1024c.jpeg,a close up of a person's stomach
1025.jpeg,the chest and chest are shown in this image
1026.jpeg,the ct scan shows the location of the ct in the brain
1027.jpeg,a man with a large scar on his chest
1028a.jpeg,a man with a head injury
1028b.jpeg,a woman with a bandage on her head
1029.jpeg,a man with a lot of rashes on his back
102a.jpg,a person holding a pair of hands
102b.jpg,a person's feet with a lot of dirt on them
102c.jpg,a man with a large hand on his left hand
103.jpg,a woman with a large back and a large back
1030a.jpeg,a man with a lot of white paint on his back
1030b.jpeg,a man with a large body and a large body
1030c.jpeg,a man with a wound on his leg
1030d.jpeg,a person with a swollen foot and a swollen foot
1030e.jpeg,a person with a large lump on their left arm
1031.jpeg,a woman with acne and acne
1032.jpeg,a woman's abdomen before and after surgery
1033.jpeg,"a man with a large, hairy body is shown in three different stages"
1034a.jpeg,a patient's left shoulder and right shoulder with a small patch on the left side
1034b.jpeg,a man is holding a dog in his arms
1034c.jpeg,a man is getting his arm examined by a doctor
1035.jpeg,a woman's hands with a small lump on the left hand
1036a.jpeg,a man with a mask on and a mask on
1036b.jpeg,a man with a large bruise on his face
1037a.jpeg,"a man with a large, hairy chest"
1037b.jpeg,a man with a rash on his leg
1038.jpeg,a foot with a swelling on the left side
1039.jpeg,a woman with a large scar on her back
104.jpg,a man with a large rash on his back
1040.jpeg,a woman's left arm and arm with a large rash on the left arm
1041.jpeg,a close up of a person's mouth with a tooth missing
1042.jpeg,a photo of a woman's breast with a large lump and a small lump
1043.jpeg,a woman's back with acu and acu
1044a.jpeg,a close up of a woman's lips with a swollen
1044b.jpeg,a close up of a dog's tongue
1044c.jpeg,a close up of a tooth with a missing tooth
1044d.jpeg,a woman with a tooth and a tooth
1045a.jpeg,a woman with a very short hair
1045b.jpeg,a woman with a large back and a small patch on her right side
1046.jpeg,a woman with her mouth open and her mouth open
1047a.jpeg,the radiograph of the chest shows the different areas of the chest
1047b.jpeg,a radiographgraph of the spine showing the different types of the spine
1047c.jpeg,a ct scan with a ct scan and ct scan
1048a.jpeg,a comparison of the different types of nail polish
1048b.jpeg,a hand with a finger fracture and a hand with a finger fracture
1049.jpeg,a man with a large scar on his arm
105.jpg,a person with a knife cutting into a piece of skin
1050.jpeg,a close up of a human eye
1051.jpeg,a woman with acuus on her chest
1052a.jpeg,a close up of a person's tongue and a close up of a person's tongue
1052b.jpeg,a person with a rash on their legs
1053a.jpeg,a hand with a white mani and a purple mani
1053b.jpeg,a man laying in bed with his arm up
1054a.jpeg,"a man with a large, hairy, hairy, hairy, hairy, hairy, hairy, hairy"
1054b.jpeg,a man's abdomen before and after surgery
1055.jpeg,a woman's skin with a lotion of red spots
1056a.jpeg,a baby in a hospital bed with a drip drip drip
1056b.jpeg,a baby in a hospital bed with a pacap
1057.jpeg,a man with a black and white striped shirt
1058a.jpeg,a hand with a small patch on it
1058b.jpeg,a person with a swollen foot on a bed
1058c.jpeg,a person with a white shirt holding a cell
1059a.jpeg,a man with a face injury and a picture of him
1059b.jpeg,a person with a rash on their arm and a hand with a rash on their arm
106.jpg,a hand is shown with a small piece of tissue and a small piece of tissue
1060.jpeg,a person with a rash on their arm
1061.jpeg,a man with a rash on his arm and a man with a rash on his arm
1062a.jpeg,a baby is being examined by a doctor
1062b.jpeg,a man laying on a hospital bed with a baby
1063.jpeg,a man with a large lump on his face and a small lump on his face
1064a.jpeg,a woman with a lot of red spots on her legs
1064b.jpeg,a person with a bruise on their leg
1065.jpeg,a man with a tattoo on his back
1066.jpeg,a man with a tattoo on his back
1067.jpeg,a woman's arm before and after treatment
1068.jpeg,a woman with a black top and black shorts
1069.jpeg,a col of photos of a woman's skin
107.jpg,a close up of a person's tongue and a close up of a person's tongue
1070.jpeg,a woman with a wound on her stomach
1071a.jpeg,a woman with a bruised face and a white shirt
1071b.jpeg,a person with a finger on a piece of paper
1072a.jpeg,a man with a tooth and a tooth
1072b.jpeg,a woman's mouth with a missing tooth
1073a.jpeg,a man with a tooth and a tooth
1073b.jpeg,a woman's mouth with a missing tooth
1073c.jpeg,a person with a tooth and a tooth
1073d.jpeg,a woman's mouth with a missing tooth
1074.jpeg,a person with a bruised foot on a table
1075.jpeg,a man with a bunch of wine on his back
1076.jpeg,a man with a large stomach is shown in this image
1077.jpeg,a man with a beard and a pink tongue
1078a.jpeg,"the left side of the ctt shows the left side of the ctt, and the right"
1078b.jpeg,the brain and the ctd
1078c.jpeg,the left side of the chest shows the different areas of the chest
1079.jpeg,a close up of a person's eye with a black eye
1080a.jpeg,a man with a tooth and a large tooth
1080b.jpeg,a vein is shown in the left side of the vein
1081.jpeg,a man with a large tongue sticking out
1082a.jpeg,a woman with a nose piercing and a pink dress
1082b.jpeg,a hand with a wound wound on it
1083.jpeg,the left side of the brain and right side of the brain
1084.jpeg,a person with a red and white vare on their foot
1085.jpeg,a woman's legs before and after laser removal
1086a.jpeg,a man with a lot of rash on his legs
1086b.jpeg,a man with a beard and a mustache
1087.jpeg,a man laying in bed with a cast on his leg
1088a.jpeg,a woman's hands and hands with a black line on the left side
1088b.jpeg,"a man with a large, swollen head and a large, swollen head"
1088c.jpeg,a man with a black square on his face
1088d.jpeg,a man with a black and white face
1089.jpeg,a man with a large amount of rash on his leg
108a.jpg,a woman's legs with vares and vares
108b.jpg,a woman with a lot of vares on her legs
109.jpg,the eye is shown in the following the eye
1090.jpeg,a man with a large lump on his face
1091a.jpeg,a woman with a red spot on her arm
1091b.jpeg,a woman's arm with a tattoo on it
1092a.jpeg,a person with a rash on their arm
1092b.jpeg,"a woman with a large, dark, red, and white rash on her neck"
1092c.jpeg,a person with a swollen on their foot
1093a.jpeg,a man with a large back tattoo
1093b.jpeg,a man with a back view of his back
1094a.jpeg,a woman with ac acs on her face
1094b.jpeg,a woman with a facelift before and after her facelift
1095.jpeg,"a woman with a large, dark, brown skin"
1096a.jpeg,a man's legs with a tattoo on it
1096b.jpeg,a woman's arm with a purple line on it
1097.jpeg,a hand with a small patch on it
1098a.jpeg,a bald bald head
1098b.jpeg,hair transplants before and after
1098c.jpeg,hair transplants before and after
1099a.jpeg,a man with a large lump on his chest and a large lump on his chest
1099b.jpeg,a man with a large stomach and a large stomach
11.jpg,a woman with frck on her face
110.jpg,a col of images of a person with a wound arm
1100.jpeg,a woman with a red rash on her back
1101.jpeg,a person with a large stomach and a large stomach
1102.jpeg,a person with a leg and leg swelling
1103.jpeg,a man with a large stomach and a large stomach
1104a.jpeg,a person with a large arm and a small arm
1104b.jpeg,a vein on the legs of a patient
1105a.jpeg,a person with a blood sp on their leg
1105b.jpeg,a bunch of sweet potatoes with a knife
1106a.jpeg,a man with a black spot on his chest
1106b.jpeg,a man with a large lump on his chest
1106c.jpeg,a man with a large lump on his chest
1107.jpeg,a man with a large stomach and a small stomach
1108.jpeg,a woman's skin before and after treatment
1109.jpeg,a woman with a large belly and a large belly
111.jpg,hair transplants in delhi
1110.jpeg,a man with a wound on his arm
1111.jpeg,a hand with a yellow line on it
1112a.jpeg,a woman's hands with a hand on the left and a hand on the right
1112b.jpeg,a woman with a black and white face
1113a.jpeg,a close up of a piece of pink marble
1113b.jpeg,a picture of a piece of meat on a plate
1114.jpeg,a man with a bald hair and a beard
1115.jpeg,a pair of legs with red spots
1116a.jpeg,a person with a large bruise on their leg
1116b.jpeg,a man laying on a bed with a wound arm
1117.jpeg,a person is getting a procedure on a patient
1118a.jpeg,a man with a large tongue sticking his tongue
1118b.jpeg,"a man with a large, swollen tongue"
1119a.jpeg,a radiograph of a woman's mouth with a radiograph of a woman's mouth
1119b.jpeg,a person with a swollen foot and a swollen foot
1120a.jpeg,a man laying on a bed with a bloody face
1120b.jpeg,a person with a wound on their arm
1121a.jpeg,a woman with a severe face and neck
1121b.jpeg,a man with a white shirt
1121c.jpeg,a woman's back before and after her lip surgery
1121d.jpeg,the left side of the left side shows the tumor and the right side shows the tumor
1121e.jpeg,a woman with wrle and wrle on her face
1122.jpeg,a man with a large back and a large back with a lotion
1123.jpeg,a man with a lot of rash on his hands
1124a.jpeg,a person with a wound on their hand and a hand with a wound on their hand
1124b.jpeg,a man with a stel in his stomach
1124c.jpeg,a man with a wound on his face and a picture of him
1124d.jpeg,a man with a black spot on his face and hands
1125.jpeg,a man with acne and acne on his face
1126a.jpeg,a man's legs with vares and vares
1126b.jpeg,a man with a rash on his arm and a man with a rash on his arm
1127a.jpeg,a woman's foot with a swollen swelling
1127b.jpeg,a person with a swollen foot and a swollen foot
1128.jpeg,a person with a lot of skin on their legs
1129.jpeg,a woman's legs with a red spot on the left side
113.jpg,a tattoo on the arm of a woman
1130.jpeg,a woman's legs with vares and vares
1131a.jpeg,a person with a hand on their stomach
1131b.jpeg,a woman with acu and acu
1132a.jpeg,a man with a large bruise on his arm
1132b.jpeg,a man with a large chest and a small patch on his chest
1132c.jpeg,a man with a black shirt and a white beard
1133.jpeg,a close up of a person's mouth with a small hole in the middle
1134.jpeg,a man with a tattoo on his back
1135.jpeg,a woman's legs with a red spot on the left side
1136.jpeg,hair transplants before and after
1137.jpeg,a picture of a woman with a heart on her chest
1138.jpeg,"a person with a large, swollen, and swollen foot"
1139a.jpeg,a radiograph of a patient's teeth
1139b.jpeg,a person with a tooth and a tooth
1139c.jpeg,a child with a tooth and a tooth
114.jpg,a woman with ac ac ac ac ac ac ac ac ac ac ac ac ac ac ac ac
1140a.jpeg,a woman with her mouth open and a pair of glasses on
1140b.jpeg,a woman with her tongue out and glasses on
1141.jpeg,"a col of six images of a man with a large, red rash on his chest"
1142.jpeg,a woman with a large lump on her stomach
1143a.jpeg,a person with a tooth and a tooth
1143b.jpeg,a person with a tooth and a tooth
1143c.jpeg,a woman is getting her teeth examined by a dentist
1143d.jpeg,a person with a tooth and a tooth
1143e.jpeg,a close up of a person's mouth with a tooth missing
1143f.jpeg,a col of four images showing the different stages of a tooth
1144.jpeg,a col of four images showing the different stages of the skin
1145a.jpeg,two hands are raised
1145b.jpeg,a hand with arrows pointing up to the left
1146a.jpeg,a close up of a person's mouth with a missing tooth
1146b.jpeg,a before and after dental procedure
1146c.jpeg,a close up of a tooth with a tooth
1146d.jpeg,a man with a tooth and a tooth
1147.jpeg,a man with a bald hair transplant
1148a.jpeg,a col of the teeth and the teeth of a patient
1148b.jpeg,a series of images showing the different stages of a patient's skin
1149.jpeg,a woman's thyroid tumor tumor tumor tumor tumor tumor tumor tumor tumor tumor tumor tumor tumor tumor
115.jpg,a person with a swollen foot and a swollen foot
1150.jpeg,a photo of the skin and the skin area of a woman
1151a.jpeg,a man with a wound arm and a wound arm
1151b.jpeg,a person holding a piece of meat in their hands
1151c.jpeg,a man is holding a large ball with blood on it
1151d.jpeg,a man is laying down on a hospital bed
1152.jpeg,a man with a bruised face and neck
1153a.jpeg,a woman with a large tongue and a large tongue
1153b.jpeg,a man with a tooth and a spoon in his mouth
1153c.jpeg,a man with a tooth and a tooth
1154a.jpeg,a dental implant and a dental implant
1154b.jpeg,a dental implant and a dental implant
1154c.jpeg,a radiograph of a patient's mouth and a radiograph of a patient's mouth
1155a.jpeg,a col of images showing the different stages of the mouth
1155b.jpeg,a woman with a large tongue and a large tongue
1155c.jpeg,a woman's tongue with a large lump on the end of her tongue
1155d.jpeg,a woman with a swollen on her nose
1156a.jpeg,a person with a tooth and a tooth
1156b.jpeg,a close up of a tooth with a missing tooth
1156c.jpeg,a smile with a missing tooth
1157.jpeg,a man getting his hair cut by a barber
1158.jpeg,a col of images showing the different types of vars
1159a.jpeg,a picture of a tooth with a tooth and a tooth with a tooth
1159b.jpeg,a tooth with a tooth and a tooth with a tooth
1159c.jpeg,a tooth with a tooth and a tooth implant
1159d.jpeg,a tooth with a tooth and a tooth with a tooth
116.jpg,a woman with ac ac ac ac ac ac ac ac ac ac ac ac ac ac ac ac
1160.jpeg,a radiograph of the hip bone
1161.jpeg,a man's legs before and after treatment
1162.jpeg,a man with a large amount of oxygen in his chest
1163a.jpeg,a diagram of the different stages of the prostate
1163b.jpeg,a picture of the mouth with different stages
1164a.jpeg,"a man with a large, red rash on his back"
1164b.jpeg,a woman with a rash on her chest
1165.jpeg,a man with a beard and a beard with a beard
1166a.jpeg,a woman with ac acuus on her face
1166b.jpeg,a person with a tattoo on their foot
1167.jpeg,a woman's skin with a small patch on the left side and a small patch on the
1168.jpeg,a col of images showing the different types of acs and acs acs acs ac
1169a.jpeg,a woman's legs with red spots on the legs
1169b.jpeg,a woman with red spots on her legs
116a.jpg,a woman with a swollen eye and a swollen eye
116b.jpg,a woman with a large breast and a small breast
117.jpg,a man's legs before and after treatment
1170.jpeg,a man with a face mask and a neck tattoo
1171.jpeg,mri mri mri mri mri mri mri mri mri mri mri mri mri mri mri mri mri mri mri
1172a.jpeg,the left eye is shown with a small patch on the left eye
1172b.jpeg,a close up of the eye with a small patch on the left eye
1172c.jpeg,the left eye is shown with a few of the same areas
1173.jpeg,a woman's arm with a tattoo on it
1174.jpeg,a man with a hairy hairy hairy hairy hairy hairy hairy hairy hairy hairy hairy hairy hairy hairy hairy
1175.jpeg,a woman laying on a bed with a banana
1176.jpeg,a woman with a large breast and a small breast
1177a.jpeg,a woman's lips before and after a lip surgery
1177b.jpeg,a woman's lips before and after treatment
1178a.jpeg,a woman's legs with a lot of brown spots
1178b.jpeg,a person with vares on their legs
1179.jpeg,a person with a red rash on their leg
117a.jpg,a woman's back with a lotion of hair
117b.jpg,a woman's back with a black plastic chair
118.jpg,a person with a hand on their left hand
1180.jpeg,the left side of the brain shows the location of the left side of the brain
1181.jpeg,a man with a large lump on his back and legs
1182.jpeg,a man's arm with a small swelling on the left arm
1183a.jpeg,"a woman with a large, red rash on her back"
1183b.jpeg,a picture of a person with a large stomach
1183c.jpeg,a woman's legs with a lot of red and black spots
1183d.jpeg,a woman with bruises on her face and neck
1184a.jpeg,a woman with acne and acne
1184b.jpeg,a woman with acne and acne
1185a.jpeg,a mri mri mri mri mri mri mri mri mri mri mri mri mri mri mri mri mri mri
1185b.jpeg,a woman's mouth with a small tooth and a small tooth
1185c.jpeg,a picture of a person with a rash on their arm
1186a.jpeg,"a woman with a large, red spot on her back"
1186b.jpeg,a man with a large lump on his tongue
1186c.jpeg,a man with a lot of spots on his back
1187.jpeg,a person with a bruised hand and a wound hand
1188a.jpeg,a man with a tongue that has been bitten
1188b.jpeg,a man with a tongue sticking out his tongue
1188c.jpeg,a close up of a tongue with a large lump on it
1189a.jpeg,a woman's legs with vares and vares
1189b.jpeg,a col of four images showing the different types of skin
119.jpg,a before and after treatment of a woman's back
1190a.jpeg,a man with a tooth and a gum
1190b.jpeg,a man with a tooth and a tooth
1191.jpeg,a woman's back with a lotion rash on her back
1192.jpeg,a man with a bruise on his face
1193.jpeg,a woman's back with a lotion of white spots
1194.jpeg,lip augation before and after
1195.jpeg,the mri mri mri mri mri mri mri mri mri mri mri mri mri mri mri mri mri mri
1196.jpeg,a person with a wound on their arm
1197.jpeg,a person with a broken toe and a red nail
1198a.jpeg,a person holding a tooth with a tooth
1198b.jpeg,a close up of a tooth with a few of teeth
1199.jpeg,a man with a bald and a bald
12.jpg,a person with a pinkish foot and a white background
120.jpg,a close up of a pair of blue colored contacts
1200a.jpeg,a close up of a person's mouth with a small bite
1200b.jpeg,a hand with a bandage on it
1201.jpeg,the left side of the eye shows the different areas of the eye
1202.jpeg,the chest and chest are shown in this image
1203.jpeg,a man with a tooth and a tooth
1204.jpeg,the mri mri mri mri mri mri mri mri mri mri mri mri mri mri mri mri mri mri
1205.jpeg,a man holding a tooth in his mouth
1206.jpeg,"a man with a large, fat - like abdomen and a large, fat - like abdomen"
1207.jpeg,a man with a large bruise on his leg
1208.jpeg,a col of teeth with a missing tooth
1209a.jpeg,a hand with a wound wound on it
1209b.jpeg,a man with a wound arm and wound arm
1209c.jpeg,a patient's left leg and right leg with a vein
121.jpg,a col of six images showing the different types of skin rashes
1210.jpeg,a man with a large lump on his chest and a large lump on his chest
1211.jpeg,a man with a rash on his neck
1212.jpeg,a woman with a bald and a bald
1213.jpeg,the mri mri mri mri mri mri mri mri mri mri mri mri mri mri mri mri mri mri
1214.jpeg,a man with a large scar on his back and chest
1215a.jpeg,a hand with a lot of brown spots on it
1215b.jpeg,a col col col col col col col col col col col col col col col col col col
1216.jpeg,a man with a white patch on his face
1217a.jpeg,a woman with a large back tattoo
1217b.jpeg,a woman with a neck tattoo
1217c.jpeg,a man getting his ear examined
1217d.jpeg,a woman with a gold necklace on her neck
1218.jpeg,a man with a bald hair transplant
1219.jpeg,a dental implant with a tooth and a tooth
122.jpg,a tattoo with a lot of black ink on it
1220.jpeg,a close up of the eye with a blue pupil
1221a.jpeg,a woman's ear with a black arrow on the side
1221b.jpeg,a man with a nose piercing
1221c.jpeg,a man with a black nose and a black nose
1221d.jpeg,a man with a black nose and a black nose
1222.jpeg,a man with a black spot on his face
1223a.jpeg,a close up of the ear with a small hole in the middle
1223b.jpeg,a close up of a person's nose with a small patch on the nose
1224.jpeg,a man's foot with a swollen wound on the left side
1225a.jpeg,a person holding a piece of skin on their hands
1225b.jpeg,a person with a swollen foot and a swollen foot
1226.jpeg,the mri mri mri mri mri mri mri mri mri mri mri mri mri mri mri mri mri mri
1227.jpeg,"a picture of the left side of a patient's left side, and a picture of the"
1228.jpeg,a tattoo with the words'i'm'and'i'm'on it
1229.jpeg,a woman's butt before and after her lip surgery
122a.jpg,a woman's eyes with a small patch on the forehead
123.jpg,a before and after the procedure of laser removal
1230a.jpeg,the eye and the iris
1230b.jpeg,a woman with a lotion on her face
1231.jpeg,a before and after dental procedure
1232.jpeg,hair transplants before and after
1233a.jpeg,hair transplants before and after
1233b.jpeg,a hair transplant procedure with a hair transplant procedure
1234.jpeg,a man with a neck lift before and after his neck lift
1235a.jpeg,a person holding a cigarette in their hand
1235b.jpeg,a hand holding a piece of food
1236.jpeg,"a man with a large, red rash on his left foot and a large, red rash on"
1237.jpeg,a hand with white spots on it
1238a.jpeg,a person with a wound on their knee
1238b.jpeg,a woman with a wound wound to her stomach
1239.jpeg,a woman's legs with red spots on the legs
124.jpg,a col of images showing the damage of the neck and neck
1240.jpeg,a photo of a woman's skin with a small patch on the left side
1241.jpeg,a woman's legs and legs with vares
1242a.jpeg,a col of images of the skin and the skin of a woman
1242b.jpeg,a comparison of the different stages of the foot
1243.jpeg,a woman's arm with a small scar on it
1244a.jpeg,a woman's legs with a small scar on the side
1244b.jpeg,a person with a large scar on their back
1245a.jpeg,a man with a face mask on
1245b.jpeg,a woman with a rash on her leg
1246.jpeg,a woman with a tooth and a woman with a tooth
1247.jpeg,a woman with a tooth and a woman with a tooth
1248.jpeg,"a man with a large, red, and white vein on his chest"
1249.jpeg,a woman with a black spot on her face
125.jpg,a close up of a person's stomach with a small patch on the side
1250.jpeg,a col of images showing the different stages of vars
1251.jpeg,hair transplants before and after
1252.jpeg,a woman's legs with vares and vares
1253.jpeg,a person with a small patch on their hand
1254a.jpeg,a person with a hand injury and a hand injury
1254b.jpeg,a man's legs and legs with vares
1254c.jpeg,"a man with a large arm and hands, showing the different stages of his arm"
1255.jpeg,a man with a wound on his back and a man with a wound on his back
1256a.jpeg,a woman's legs with red spots on them
1256b.jpeg,a man with a broken leg and a bandage on his leg
1257a.jpeg,a man with a red spot on his eye
1257b.jpeg,a man with a red spot on his face
1258.jpeg,hair transplants before and after
1259.jpeg,a woman with a tooth and a woman with a tooth
126.jpg,a person holding their hands up with their hands
1260a.jpeg,a foot with a small patch on it
1260b.jpeg,a person with a bruise on their leg
1260c.jpeg,a person with a wound wound on their arm
1260d.jpeg,a foot with a vein on it
1261a.jpeg,a close up of the left side of the stomach with the left side of the stomach showing the
1261b.jpeg,the left side of the heart with the left side of the heart showing the left side of the
1261c.jpeg,"a picture of a patient's left knee with a small, green spot on the left side"
1262a.jpeg,a man sitting on a bed with a measuring tape
1262b.jpeg,a man sitting on a bed with his feet up
1263.jpeg,a col of images of the skin and the skin
1264a.jpeg,the brain and its structures
1264b.jpeg,the brain and the brain are shown in this image
1265.jpeg,a person with a bruise on their arm
1266.jpeg,a series of images showing the different types of vars
1267.jpeg,a man's feet and toes are shown with a measuring tape
1268.jpeg,a man with a beard and a face mask
1269.jpeg,the left side of the left side shows the different stages of the left side of the left side
126a.jpg,a woman's lips before and after a procedure
1270a.jpeg,the brain and the brain of a man with a severe brain injury
1270b.jpeg,a col of four images of a man with a wound wound on his left side
1271.jpeg,a picture of a woman's back with a lot of red spots
1272.jpeg,a col of four images showing the different stages of vars
1273a.jpeg,the left side of the mouth is shown with the left side of the mouth and the right side
1273b.jpeg,a close up of a tooth with a tooth
1274.jpeg,a man with a lot of hair and a lot of hair on his stomach
1275a.jpeg,a man with a black nose piercing
1275b.jpeg,a man with a black spot on his forehead
1276.jpeg,a man with a tattoo on his arm
1277.jpeg,a picture of a person with a broken heart
1278a.jpeg,a photo of the breast and breast cells
1278b.jpeg,a col of images showing the different stages of the skin
1279.jpeg,the left side of the brain shows the left side of the brain and the right side of the
128.jpg,a man's back with a lotion of ecioce
1280.jpeg,a col of the eye and the upper eye
1281.jpeg,a person with a foot in a bathroom
1282a.jpeg,a woman's eye with a red spot on the bottom and bottom
1282b.jpeg,a woman's eye with a few of the swellings
1282c.jpeg,a woman's eye with a few of wrness
1283a.jpeg,a man with a wound arm and arm
1283b.jpeg,a man with his hands covered in bandages
1284.jpeg,a man with a purple light on his face
1285.jpeg,ct scan ct scan
1286.jpeg,a photo of a person with a red rash on their skin
1287a.jpeg,the left eye is shown with a small hole in the middle and a small hole in the middle
1287b.jpeg,the eye is shown in four different views
1288a.jpeg,a man with a large chest and no shirt
1288b.jpeg,a man with a tattoo on his back
1288c.jpeg,a man with a broken arm
1289.jpeg,the left side of the left side of the left side of the left side of the left side
129.jpg,a person with a fingernail on their hand
1290a.jpeg,a person with a foot and a foot with a swollen
1290b.jpeg,a photo of a person with a knife and a picture of a person with a knife and a
1290c.jpeg,a person with a foot injury
1290d.jpeg,a man is holding a piece of a bone
1291.jpeg,a man laying on the floor with his legs crossed
1292.jpeg,a child with a wound on her face
1293.jpeg,a col of images showing the different stages of the liver
1294a.jpeg,chest xrays with a cross section
1294b.jpeg,the brain and the brain are shown in this image
1295.jpeg,a col of photos showing the steps of a baby's hand
1296.jpeg,a woman's chest before and after treatment
1297.jpeg,a photo of a cell with a cell in the middle and a cell with a cell in the
1298a.jpeg,a hand holding a small snake in a plastic container
1298b.jpeg,a col of a man with a broken arm
1298c.jpeg,a hand with a finger and a finger with a thumb
1299.jpg,a woman with a rash on her arm
13.jpg,"a woman with a large, swollen, swollen, and swollen skin"
130.jpg,a man with a lot of bruises on his leg
1300.jpg,a woman with acu and acu
1301.jpg,a person with a bandage on their arm
1302.jpg,a woman with acus on her face
1303.jpg,a child's hands with rashes on them
1304.jpg,a person's feet in a sink
1305.jpg,a man with a swollen face and a swollen eye
1306.jpg,a person with a finger on their thumb
1307.jpg,a woman with ac ac ac ac ac ac ac ac ac ac ac ac ac ac ac ac
1308.jpg,a close up of a hair with long black hair
1309.jpg,a person with a foot covered in a towel
131.jpg,a col of images showing the damage of a leg
1310.jpg,a person holding a baby in their arms
1311.jpg,a man with a rash on his chest
1312.jpg,two hands are shown in the middle of the frame
1313.jpg,a person with a bruise on their arm
1314.jpg,a person with hands covered in dirt
1315.jpg,a woman with a rash on her back
1316.jpg,a woman with a rash on her back
1317.jpg,a man with a hairy hairy hairy hairy hairy hairy hairy hairy hairy hairy hairy hairy hairy hairy hairy
1318.jpg,a woman's legs with vares and vares
1319.jpg,a man with a beard and a beard is covered in mud
132.jpg,a hand with a small bruise on it
1320.jpg,a foot with a small hole in the middle
1321.jpg,a woman with a white ear and a black ear
1322.jpg,a woman's legs with a small patch on the side
1323.jpg,a woman's legs with a lotion on the side
1324.jpg,a person with a patch on their arm
1325.jpg,a man with a bald hair transplant
1326.jpg,a hand with a finger on it
1327.jpg,a person with a bruise on their arm
1328.jpg,a man with a tooth and a tooth
1329.jpg,a man with a large lump on his stomach
133.jpg,a man with a bald hair and a bald bald
1330.jpg,a person's hands with a lot of dirt on them
1331.jpg,a person with a rash on their arm
1332.jpg,a woman with acuus on her back
1333.jpg,a baby with frck spots on his back
1334.jpg,a close up of a person's skin with a rash on it
1335.jpg,a woman with a lotion of pink spots on her skin
1336.jpg,a man with his hands outstretched up
1337.jpg,a woman laying in bed with her hand on her stomach
1338.jpg,a child with a nose injury
1339.jpg,a close up of a man's eye
134.jpg,a man with a big black penis laying on a bed
1340.jpg,a man with a rash on his back
1341.jpg,a person with a swollen foot
1342.jpg,a person with a large toe on their feet
1343.jpg,a woman with red spots on her face
1344.jpg,a close up of a horse's nose
1345.jpg,a person's hand with a red rash on it
1346.jpg,a person with a tooth
1347.jpg,a man with a tooth and a glove
1348.jpg,a woman with a large white tongue
1349.jpg,a close up of a person's mouth with a tooth
135.jpg,a man's chest with a small patch on the left side
1350.jpg,a woman with a tooth and a tooth
1351.jpg,a person with a tooth and a tooth
1352.jpg,a man with a broken nose and a broken nose
136.jpg,a close up of the mouth and a close up of the mouth
136a.jpg,a woman with a large breast and a large breast with a large breast
137.jpg,a woman's breast before and after surgery
139.jpg,a woman's breast with a small scar on her left breast
14.jpg,a person with red skin and hands
140.jpg,a series of images showing the stages of the mouth
140a.jpg,a series of images showing the stages of the mouth and the teeth
140b.jpg,a close up of the mouth and tongue with a few of the teeth removed
141.jpg,a woman with acne and acne
142.jpg,a photo of the left breast with a small lump and a small lump
142a.jpg,a man with a large amount of rashes on his back
143.jpg,a woman with a large rash on her back
143a.jpg,a man with a wound on his leg
144.jpg,a woman with a broken tooth and a stel
145.jpg,a woman with a red spot on her face
146.jpg,a woman's abdomen with a black spot on the abdomen
147.jpg,a person with vars on their legs
148a.jpg,a woman getting her hair done at a hair salon
148b.jpg,a man with a large stomach and a large belly
148c.jpg,a woman in a hospital bed with a mask on
149.jpg,a man sitting on a chair with his hands on his knees
149a.jpg,a man with a knee injury
15.jpg,a man with a black cat on his neck
150.jpg,a man's chest and chest with a variety of vares
151.jpg,a woman with a large scar on her chest
152.jpg,a person with a foot and a foot with a foot
153.jpg,a man with a hair transplant
154a.jpg,a close up of a person's tongue
154b.jpg,a close up of a person's mouth with a bite
155a.jpg,a woman's arm with a tattoo on it
155b.jpg,a woman with a lot of ecioce on her legs
155c.jpg,a woman with ac acus and acus
155d.jpg,a man with a rash on his arm
156a.jpg,a woman's legs and thighs with vares
156b.jpg,a col of images showing the different stages of vars on the skin
157.jpg,a person with a wound on their arm and a person with a wound on their arm
158.jpg,a man's back with a lotion of white spots and a lotion of white spots
158a.jpg,a woman's face with ac ac ac ac ac ac ac ac ac ac ac ac ac
159.jpg,a col of images of the different stages of a child's face
16.jpg,a close up of a man's face with a white hair
160.jpg,"a person with a large, swollen, swollen, and swollen tongue"
160a.jpg,a man with a tooth and tongue
161a.jpg,a woman with a rash on her back and a man with a rash on his back
161b.jpg,a woman with a rash on her back
161c.jpg,a woman with a piece of food on her mouth
162a.jpg,a woman with a black patch on her face
162b.jpg,a woman with a wound on her face
162c.jpg,a woman with a large rash on her back
162d.jpg,a person holding a piece of food on their arm
163.jpg,a hand with a small rash on it
164.jpg,a fracture in the knee
165a.jpg,a man with a large amount of rash on his body
165b.jpg,a woman with a rash on her arm
165c.jpg,a woman's arm before and after her skin removal
165d.jpg,a woman's legs with vares and vares
166.jpg,a woman with a black eyeliner before and after her treatment
166a.jpg,a woman's lips before and after a lip surgery
166b.jpg,a woman with a leopard print headband and a black shirt
167.jpg,a woman with a large tongue and a large tongue
168.jpg,a man with a large rash on his chest
168a.jpg,a man with a rash on his face and chest
169.jpg,a man with white hair and a face mask
17.jpg,a man with a nose piercing
170.jpg,a man's legs with vares and vares
171.jpg,a man holding a cell in his hand
171a.jpg,a man with a hair transplant before and after
172.jpg,a person with a rash on their arm
172a.jpg,a person with a hair transplant on their head
173.jpg,a man with a very large chest
174.jpg,a woman's hands showing the different stages of her hands
175.jpg,a child with a rash on his back
176.jpg,a col of four images showing the different stages of the foot
177.jpg,a series of images showing the different stages of the foot
178.jpg,a man is using a machine to remove a wound wound wound
179.jpg,a man with a white hair and a white shirt
18.jpg,"a man with a large, hairy, hairy, hairy, hairy, hairy, hairy, hairy"
180.jpg,a man with a wound arm and a wound arm
181.jpg,a photo of a man's back with a lotion of red spots
182.jpg,a col of four images showing the different types of the skin
183.jpg,"a person with a large, swollen, and swollen leg"
184.jpg,a woman's legs with vares and vares
185a.jpg,a woman with a large belly and a black hat
185b.jpg,a person with a rash on their arm
186.jpg,a close up of a person's eye with a pair of eyes
187.jpg,a before and after treatment of a male body
188.jpg,a man with a large stomach holding a baby
188a.jpg,a man with a large stomach and a large stomach
189.jpg,the different stages of the leg and foot
19.jpg,a man with a hairy hairy hairy hairy hairy hairy hairy hairy hairy hairy hairy hairy hairy hairy hairy
190.jpg,a before and after treatment of a woman's abdomen
191.jpg,a man with a back view of his back
191a.jpg,"a man with a large, hairy, hairy, hairy, hairy, hairy, hairy, hairy"
192.jpg,a before and after treatment of a vari vari vari vari vari vari
193.jpg,a photo of a person with a tooth and a picture of a person with a tooth
194.jpg,a woman's legs with vares and vares
195a.jpg,a man with a lot of blood on his chest
195b.jpg,a close up of a person's mouth with a tooth
195c.jpg,a man with a beard and a beard with a beard patch on his face
195d.jpg,a close up of a person's tongue
196.jpg,a man with a wound on his back
197.jpg,a man with a large rash on his back
198.jpg,a man is putting his foot in a bag
198a.jpg,a man with a bandage on his head is getting his penis examined
198b.jpg,a man laying on a bed with a bandage around his neck
198c.jpg,a man with a bandage on his arm
199.jpg,"a woman with a large breast, a woman with a large breast, and a woman with a"
2.jpg,a man with a green tongue and tongue
20.jpg,a man with acne and acne on his chest
200.jpg,a man laying on a hospital bed with a large piece of skin on his stomach
2000.jpg,a woman with a nose piercing and a pink dress
2001.jpg,a hand with a wound wound on it
2002.jpg,a woman with a rash on her back
2003.jpg,a woman's legs with red spots
2004.jpg,a person with eciosis on their hands
2005.jpg,a man with a beard and a beard with a beard
2006.jpg,a man with a beard and a beard with a beard
2007.jpg,a woman with a neck tattoo
2008.jpg,"a man with a large, dark, and dark skin"
2009.jpg,a woman's breasts before and after surgery
200a.jpg,a man is laying down on a hospital bed
201.jpg,a woman with vares on her legs
2010.jpg,a picture of a patient's mouth and a picture of a patient's mouth
2011.jpg,a col col col col col col col col col col col col col col col col col col
2012.jpg,a person with a red and white vare on their foot
2013.jpg,the left side of the brain and right side of the brain
2014.jpg,a woman with ac acuus on her face
2015.jpg,a person with a tattoo on their foot
2016.jpg,a woman with a large rash on her back
2017.jpg,a man with a wound on his leg
2018.jpg,a photo of the left breast with a small lump and a small lump
2019.jpg,a man with a large amount of rashes on his back
202.jpg,a woman's face before and after a laser treatment
2020.jpg,a man with a rash on his back and a man with a rash on his back
2021.jpg,"a photo of a person with a large, white rash on their legs"
2022.jpg,a woman's skin with a small patch on the left side
2023.jpg,the skin is red and has a lot of red pigment
2024.jpg,a woman with a broken tooth and a stel
2025.jpg,a pair of ears with a small hole in the middle
2026.jpg,a woman with a black hair and a black woman with a pink hair
2027.jpg,a hand with a lotion of red spots on it
2027a.jpg,a woman's legs with red spots on the legs
2028.jpg,a woman with a large stomach and a large stomach
2029.jpg,a woman with a large amount of skin
202a.jpg,a woman with a black hair and a white shirt
203.jpg,a person with a hand with a yellow nail
2030.jpg,a man's stomach before and after treatment
2031.jpg,a woman's hair is shown with a hair transplant procedure
2032.jpg,a woman's skin with a small patch on the left side and a small patch on the
2033.jpg,a piece of food that is on a blue cloth
2034.jpg,a yellow glass bowl with a black and white substance
2035.jpg,a woman's skin with acus and acus
2036.jpg,a col of four images showing the damage of the eye and the left eye
2037.jpg,a col of images showing the different types of acs and acs acs acs ac
2038.jpg,a close up of the mouth and the teeth
2039.jpg,a close up of the left side of the ut and the right side of the ut
204.jpg,a col of images showing the different types of acidus
2040.jpg,a close up of a tooth with a tooth
2041.jpg,a close up of a tooth with a tooth
2042.jpg,a man with a face mask and a neck tattoo
2043.jpg,a woman with a red spot on her face
2044.jpg,a woman's legs before and after laser removal
2045.jpg,a woman with a black shirt and a black shirt
2046.jpg,a man with a lot of hair on his head
2047.jpg,a woman with acus on her face
2048.jpg,a man with a lot of rash on his legs
2049.jpg,a man with a beard and a mustache
205.jpg,a woman's legs with vares and vares
2050.jpg,a man with a rash on his arm
2051.jpg,a man with a leg covered in bandages
2052.jpg,a man with a wound arm and leg
2053.jpg,a woman's abdomen with a black spot on the abdomen
2054.jpg,a woman with a large stomach and a large stomach
2055.jpg,a man with a rash on his leg
2056.jpg,the left eye is shown with a small patch on the left eye
2057.jpg,a close up of the eye with a small patch on the left eye
2058.jpg,the left eye is shown with a few of the same areas
2059.jpg,a man laying in bed with a cast on his leg
206.jpg,a person laying in bed with their feet on the pillow
2060.jpg,a woman's hands and hands with a black line on the left side
2061.jpg,"a man with a large, swollen head and a large, swollen head"
2062.jpg,a man with a black square on his face
2063.jpg,a person with a red spot on their foot
2064.jpg,"a woman's left side view of her left side, and a photo of her right side"
2065.jpg,a man with a large amount of rash on his leg
2066.jpg,a woman with a breast cancer and a woman with a breast cancer
2067.jpg,a person with vars on their legs
2068.jpg,a woman with a rash on her leg
2069.jpg,a man with a large lump on his face
207.jpg,the left eye is shown with a normal and a normal view of the right eye
2070.jpg,a man's legs with a lotion of hair and a lotion of hair
2071.jpg,a person with a rash on their arm
2072.jpg,a diagram of the different stages of the thyroid
2073.jpg,"a man with a large, swollen, red spot on his chest"
2074.jpg,a man with a large amount of skin on his chest
2075.jpg,a rock with a small amount of rock
2076.jpg,a photo of the left breast and right breast
2077.jpg,a person with a tattoo on their back
2078.jpg,a tattoo with a note on it
2079.jpg,a woman with a tattoo on her back
2080.jpg,a person with a bruised leg and a piece of skin
2081.jpg,a man with a bruise on his arm
2082.jpg,a person with a yellow glove on their arm
2083.jpg,the left side of the eye shows the different areas of the eye
2084.jpg,a woman's face with a black spot on the forehead
2085.jpg,a woman with a bruise on her face
2086.jpg,"a close up of a pinkish, round shaped object"
2087.jpg,a person with a foot injury
2088.jpg,a hand with a finger on it
2089.jpg,a man with a broken leg and a cast
2090.jpg,a man getting his leg examined by a doctor
2091.jpg,a woman with a lot of rashes on her back
2092.jpg,a woman with a swollen foot and a swollen foot
2093.jpg,a person with a small bruise on their foot
2094.jpg,a man with a tooth in his mouth
2095.jpg,a woman with ac ac ac ac ac ac ac ac ac ac ac ac ac ac ac ac
2096.jpg,a woman's breast with a small amount of pigment
2097.jpg,a heart with a needle and a needle
2098.jpg,a person with a bandage on their foot
2099.jpg,a man with a bandage on his head
21.jpg,a woman with acne on her back
2100.jpg,a photo of a vein on the leg
2101.jpg,a close up of a person's eye
2102.jpg,a close up of a human eye
2103.jpg,hair transplants before and after
2104.jpg,the hair of a woman with a hair loss
2105.jpg,a col of images showing the different types of the skin
2106.jpg,a sample of the tumor tumor tumor tumor tumor tumor tumor tumor tumor tumor tumor tumor tumor tumor tumor
2107.jpg,a col of images showing the damage of a cat's eye
2108.jpg,a series of images showing the different stages of the nose
2109.jpg,a photo of a piece of a human's liver
2110.jpg,a close up of the mouth and the mouth with a small hole in the middle
2111.jpg,a man with a wound on his face
2112.jpg,a man with a black hair and a black beard
2113.jpg,a person with hands on a table
2114.jpg,a hand with a yellow substance on it
2115.jpg,a woman with a tooth and a man with a tooth
2116.jpg,a man with a tooth and a woman with a tooth
2117.jpg,the process of making a chicken with a knife
2118.jpg,a baby with a nose piercing
2119.jpg,a baby with a bandage on his head
2120.jpg,a person with a leg and leg swelling
2121.jpg,"a man with a large, swollen face"
2122.jpg,"a man with a large, swollen wound on his face"
2123.jpg,a man with a large lump on his chest and a small lump on his chest
2124.jpg,before and after the treatment of a male body
2125.jpg,a man with a large stomach and a large stomach
2126.jpg,a man with a beard and a beard transplant
2127.jpg,a man with a lot of rashes on his back
2128.jpg,a col of images of a person with a wound arm
2129.jpg,a man with a wound arm and a wound arm
2130.jpg,a woman with a tattoo on her arm
2131.jpg,a man with a white hair and a white shirt
2132.jpg,a woman with a large belly and a small black arrow on her back
2133.jpg,a photo of the teeth and the teeth of a patient
2134.jpg,a man is getting his arm and leg in a procedure
2135.jpg,a woman with a black spot on her face
2136.jpg,a photo of a man's back with a lotion of red spots
2137.jpg,"a photo of a male with a large, hairy, hairy, hairy, hairy, hairy,"
2138.jpg,"a person with a large, red spot on their leg"
2139.jpg,a man with a bald hair transplant
2140.jpg,a person with a large arm and a small arm
2141.jpg,a vein on the legs of a patient
2142.jpg,a woman's hand with a bruised finger and a hand with a bruised finger
2143.jpg,a person with a red rash on their arm
2144.jpg,an eye with a large pupil
2145.jpg,a close up of the eye with a blue pupil
2146.jpg,a col of four images showing the different stages of a tongue
2146a.jpg,"a man with a large, white spot on his neck"
2147.jpg,a woman with a rash on her back
2148.jpg,a woman's legs with red spots
2149.jpg,a person with eciosis on their hands
2150.jpg,a man with dirty hands and hands
2151.jpg,a woman's skin with a small patch on the left side
2152.jpg,a woman with a black hair and a black woman with a pink hair
2153.jpg,a woman with a large stomach and a large stomach
2154.jpg,a woman with a large amount of skin
2155.jpg,a woman's hair is shown with a hair transplant procedure
2156.jpg,a woman's face with a large lump on her left side
2157.jpg,a woman with a large stomach and a large stomach
2158.jpg,a man with a rash on his leg
2159.jpg,a col of images of a woman with acu and acu
2160.jpg,a person with a bruise on their leg
2161.jpg,a woman's mouth with a large bite
2162.jpg,a col of images showing the different stages of the disease
2163.jpg,a man is laying down on a hospital bed
2164.jpg,a man with a large amount of mud on his face
2165.jpg,a woman with a black skin and a white background
2166.jpg,a man with a large lump on his back and a large lump on his back
2167.jpg,a man with a wound wound on his knee
2168.jpg,a man is holding a bandage in his hand
2169.jpg,a young boy with a missing tooth
2170.jpg,a woman's left arm with a small patch on the left arm
2171.jpg,a man with a rash on his arm
2172.jpg,a before and after photo of a hair transplant
2173.jpg,a man with a lot of red spots on his back
2174.jpg,a woman with a black spot on her face
2175.jpg,the different stages of the leg and foot
2176.jpg,a man with a tattoo on his arm
2177.jpg,a man holding a large potato in his hand
2178.jpg,a photo of the teeth and the teeth of a patient
2179.jpg,a composite image of a tooth with a tooth and a tooth with a tooth
2180.jpg,a person with a white shirt on laying in bed
2181.jpg,a person with a bruise on their leg
2182.jpg,a woman with acne and acne
2183.jpg,a col col col col col col col col col col col col col col col col col col
2184.jpg,"the image shows the location of the two different areas in the image, and the location of the"
2185.jpg,the four images show the different areas of the eye
2186.jpg,the left eye is shown with the left eye and the right eye is shown with the left eye
2187.jpg,the left eye is shown with the left eye and the right eye is shown with the left eye
2188.jpg,a man with a large arm and a large arm
2189.jpg,a woman with a nose surgery procedure
2190.jpg,the eye of a person with a large pupil
2191.jpg,"a close up of an eye with the words,'the eye of the person '"
2192.jpg,a person with a swollen foot and a swollen foot
2193.jpg,a man with a bruised back and a wound arm
2194.jpg,"a photo of a person with a large, red spot on their back"
2195.jpg,hair transplants before and after
2196.jpg,a before and after dental procedure
2197.jpg,a woman's teeth before and after dental treatment
2198.jpg,a close up of a green eye
2199.jpg,a close up of a fruit with a yellow background
22.jpg,a woman with a rash on her back
2200.jpg,the four stages of the prostate
2201.jpg,a col of four images of a tooth and a col of four images of a tooth
2202.jpg,"a picture of a large, round, pink substance"
2203.jpg,a man with a large bruise on his face
2204.jpg,a man with red spots on his chest
2205.jpg,a photo of a tumor tumor tumor tumor tumor tumor tumor tumor tumor tumor tumor tumor tumor tumor tumor
2206.jpg,a man with a wound on his arm
2207.jpg,a person with a swollen foot and a swollen foot
2208.jpg,a man with a bald head in a hospital room
2209.jpg,a woman with a large amount of skin on her chest
2210.jpg,a man with a large rash on his back
2211.jpg,a man with a wound on his arm
2212.jpg,a man with a wound on his leg
2213.jpg,a woman's face before and after a hair transplant
2214.jpg,a woman's head with a hair transplant
2215.jpg,a man with a missing tooth
2216.jpg,a dental implant with a missing tooth
2217.jpg,a patient's hands with a rash on the left and a rash on the right
2218.jpg,a woman's arm with a red spot on the left side
2219.jpg,a woman's arm with a rash on the left side
2220.jpg,a col of the skin and the skin area
2221.jpg,a woman's breasts before and after surgery
2222.jpg,a man with a black skin on his arm
2223.jpg,a man with a tattoo on his arm
2224.jpg,a person with a tattoo on their arm
2225.jpg,an elderly man with a beard and a white shirt
2226.jpg,a man in a hospital gown is laying on a gurney
2227.jpg,hair transplants before and after
2228.jpg,a man with a hairy hairy hairy hairy hairy hairy hairy hairy hairy hairy hairy hairy hairy hairy hairy
2229.jpg,a man with a hairy hairy hairy hairy hairy hairy hairy hairy hairy hairy hairy hairy hairy hairy hairy
2230.jpg,a woman with ac ac ac ac ac ac ac ac ac ac ac ac ac ac ac ac
2231.jpg,a photo of the breast cancer
2232.jpg,a spider and a spider on the left side of a foot
2233.jpg,a male with a large breast and a small breast
2234.jpg,a man with a rash on his face and neck
2235.jpg,a picture of a patient's mouth with a small lump
2236.jpg,a woman with a red eye and a black eye
2237.jpg,a woman with a large eye and a small eye
2238.jpg,a woman with a large butt showing her hairy ass
2239.jpg,a person with a wound on their arm
2240.jpg,a child's eyes with different colored eyes
2241.jpg,a man with a large tongue sticking his tongue
2242.jpg,a man's hair transplant and a man's hair transplant
2243.jpg,a close up of a red and white object
2244.jpg,a close up of a person's left eye
2245.jpg,a close up of a tooth with a tooth and a tooth
2246.jpg,a child with a rash on his back
2247.jpg,a baby with a rash on its head
2248.jpg,two pieces of orange and red gum gums
2249.jpg,a woman's breast before and after surgery
2250.jpg,a woman's breast before and after surgery
2251.jpg,a woman's breast before and after surgery
2252.jpg,a series of images showing the different types of the skin
2253.jpg,a woman's body before and after surgery
2254.jpg,a close up of a pink and white substance
2255.jpg,a woman's eye with a small patch on the left eye
2256.jpg,a woman's skin before and after treatment
2257.jpg,a close up of the left side of a patient's knee
2258.jpg,a person with a swollen foot and a swollen foot
2259.jpg,a person with a vein on their foot
2260.jpg,a person with a swollen foot and a bruise on their foot
2261.jpg,a woman with a black spot on her face
2262.jpg,a person with acis on their back and arm
2263.jpg,two women are shown in this und photo
2264.jpg,a woman with a baby in her lap
2265.jpg,a col of four images showing the different stages of a tooth
2266.jpg,a man's teeth before and after dental treatment
2267.jpg,a man with a bald hair transplant
2268.jpg,a picture of a person with a broken ear
2269.jpg,a woman with a large ear with a small patch on it
2270.jpg,a woman's ear with a small lump
2271.jpg,a col of images showing the damage of a patient's leg
2272.jpg,a woman with a large lump on her stomach
2273.jpg,a baby is being treated in an ince
2274.jpg,a man with a beard
2275.jpg,a man's legs before and after treatment
2276.jpg,a man's legs before and after treatment
2277.jpg,a woman getting a facial treatment
2278.jpg,a man is getting his hair shaved
2279.jpg,a close up of an eye with a black background
2280.jpg,a man with a glove on his head
2281.jpg,a man with a beard and a pair of yellow tapes on his ears
2282.jpg,a baby laying on a bed with a person holding it
2283.jpg,"a brain with a large, red area and a small area with a small area"
2284.jpg,a child is getting his heart examined
2285.jpg,a col of images showing the different types of the liver
2286.jpg,the skin is red and has a lot of red pigment
2287.jpg,a col of images showing the different stages of a hand injury
2288.jpg,a woman with ac ac ac ac ac ac ac ac ac ac ac ac ac ac ac ac
2289.jpg,a hand with a ring on it and a finger with a finger ring on it
2290.jpg,a hand with a finger and a finger with a fingernail
2291.jpg,a col of images showing the results of a patient's breast
2292.jpg,a man with a hairy hairy pussy and a hairy pussy
2293.jpg,a woman with a red nail and a white shirt
2294.jpg,a person with a ear injury
2295.jpg,a woman with a hair transplant on her head
2296.jpg,a woman with a large amount of skin on her body
2297.jpg,a person with a large bruise on their foot
2298.jpg,a man in a green shirt is holding a cell
2299.jpg,a person with a bruised arm and arm
23.jpg,a man with a black spot on his face
2300.jpg,a col of a woman's nose with a few of her lips
2301.jpg,a man's legs and legs with vares
2302.jpg,"a man with a large, hairy leg"
2303.jpg,a man with a tooth and a red flower on his mouth
2304.jpg,a person with vares on their legs
2305.jpg,"a person with a large, red spot on their leg"
2306.jpg,a man with a large amount of red spots on his chest
2307.jpg,a man with a rash on his back
2308.jpg,the left side of the left side of the left side of the left side of the left side
2309.jpg,a hand with a small lump on the left hand and a small lump on the right hand
2310.jpg,a woman with a large scar on her back
2311.jpg,a woman with a black spot on her face
2312.jpg,a close up of a person's skin with red spots
2313.jpg,a woman with a swollen face and a bruise on her cheek
2314.jpg,a picture of a person with a tooth
2315.jpg,a close up of a person's ear with a small hole in the middle
2316.jpg,a close up of a person's stomach
2317.jpg,a man with a large amount of wrness on his hands
2318.jpg,a man with a back pain
2319.jpg,three bottles of liquid in a hospital room
2320.jpg,a cat laying on a bed with a blanket
2321.jpg,a man in a hospital bed with a large stomach
2322.jpg,a person in a red suit and blue gloves is performing a procedure on a large human
2323.jpg,a man with a large eye and a large eye
2324.jpg,a man with wrness and wrness on his face
2325.jpg,a woman with a nose surgery procedure
2326.jpg,a woman with a red cap on her head
2327.jpg,a woman with a large scar on her chest
2328.jpg,a person with a tooth implant
2329.jpg,a woman with a large amount of skin on her body
2330.jpg,a close up of a black hole in the middle of a human's eye
2331.jpg,a person is shown in the image above the text
2332.jpg,a man with vares on his legs
2333.jpg,a person with a broken leg and a broken leg
2334.jpg,a man with a large bruise on his leg
2335.jpg,a man with a white shirt on laying on a bed
2336.jpg,a man with a red face and a white sweater
2337.jpg,a woman with a blue scarf around her neck
2338.jpg,a man with a large amount of bruises on his body
2339.jpg,a man with a shirt on is standing in front of a bookcase
2340.jpg,a woman with a large breast in a room
2341.jpg,a woman with a neck tattoo
2342.jpg,a man with a white shirt and a white hat
2343.jpg,a man with a hairy hairy pussy on his head
2344.jpg,a man with a piece of paper on his stomach
2345.jpg,a col of four images showing the different stages of a hand injury
2346.jpg,a photo of a person with a green light on their left knee
2347.jpg,a patient's arm with a wound wound on it
2348.jpg,a woman with a large amount of skin on her chest
2349.jpg,"a woman with a large breast, showing her chest and chest"
2350.jpg,a woman's foot with a small swelling on the toe
2351.jpg,a woman with a black spot on her face
2352.jpg,a woman with a tooth
2353.jpg,a man with a hairy hairy hairy hairy hairy hairy hairy hairy hairy hairy hairy hairy hairy hairy hairy
2354.jpg,"a close up of a large, yellow ball with a red arrow pointing up"
2355.jpg,a woman with ac ac ac ac ac ac ac ac ac ac ac ac ac ac ac ac
2356.jpg,a woman with a pink spot on her face
2357.jpg,a person with a gold toe and a gold toe
2358.jpg,a col of three images of a woman's breast
2359.jpg,a person with a small rash on their foot
2360.jpg,a woman's breasts before and after her surgery
2361.jpg,a close up of a person's ear
2362.jpg,a man with a blue tooth and a blue tooth
2363.jpg,a man with a hairy hairy hairy hairy hairy hairy hairy hairy hairy hairy hairy hairy hairy hairy hairy
2364.jpg,a woman's legs before and after treatment
2365.jpg,the eye is a very large area that is not visible
2366.jpg,a photo of a vein on the left leg and a vein on the right leg
2367.jpg,a foot with a vein on it and a picture of a vein on the foot
2368.jpg,a series of images showing different types of skin
2369.jpg,a before and after a procedure for a patient
2370.jpg,a man with a large tongue sticking out
2371.jpg,a child with a hand up and a hand down
2372.jpg,a col of photos of a child with different expressions
2373.jpg,a woman with a facelift before and after her facelift
2374.jpg,a woman's legs with a small scar
2375.jpg,a woman with a large back and a large back
2376.jpg,a col col col col col col col col col col col col col col col col col col
2377.jpg,a man with a lot of hair on his head
2378.jpg,a hand with a ring on it
2379.jpg,a man with a tooth and a tooth with a tooth and a tooth with a tooth
2380.jpg,a photo of the mouth and the teeth
2381.jpg,a person with a white shirt and a white towel
2382.jpg,a man with a hair transplant and hair transplant
2383.jpg,"a man with a large, swollen face"
2384.jpg,"a man with a large, swollen wound on his face"
2385.jpg,a man with a hair transplant and a hair transplant
2386.jpg,a hand with a hand fracture and a hand with a hand fracture
2387.jpg,a woman with a red spot on her face
2388.jpg,a woman with a bald hair and a bald bald
2389.jpg,a woman's breasts showing the swelling on her back
2390.jpg,a woman's legs with a rash on the back
2391.jpg,a person with a tooth and a tooth
2392.jpg,a person with a tooth and a tooth
2393.jpg,"a person with a large, swollen, swollen, and swollen area"
2394.jpg,a woman's stomach with a lotion rash on it
2395.jpg,a woman's foot with a swelling on the top and bottom
2396.jpg,a man is laying down on a bed
2397.jpg,a person's hand
2398.jpg,a person with a rash on their arm
2399.jpg,a man with a tattoo on his arm
24.jpg,a child with a rash on her back and a picture of a rash on her back
2400.jpg,a man with a large bruise on his leg
2401.jpg,a close up of a green eye
2402.jpg,a close up of a cat's eye
2403.jpg,a woman with a lot of red spots on her back
2404.jpg,"a col of the skin and the skin of a man with a large, white spot on his"
2405.jpg,a woman's breasts with a lot of red spots
2406.jpg,a woman's face before and after bot botula
2407.jpg,a woman's face before and after aco
2408.jpg,a man with a large rash on his back
2409.jpg,a man with a beard and beard transplant
2410.jpg,a man is cutting mushrooms with a knife
2411.jpg,a woman's legs with vares and vares
2412.jpg,a close up of a tooth with a tooth
2413.jpg,a close up of a person's mouth with a tooth missing
2414.jpg,a person is getting their blood examined
2415.jpg,a woman is being treated for her injuries
2416.jpg,a person is cutting a piece of a human
2417.jpg,a close up of a person's eye with a large pupil
2418.jpg,a close up of a person's eye
2419.jpg,a woman with breast cancer
2420.jpg,breast cancer treatment before and after
2421.jpg,a person with a cast on their leg
2422.jpg,a man with a bandage around his leg
2423.jpg,a man with a tattoo on his leg
2424.jpg,a person with a tattoo on their arm
2425.jpg,a black and white photo of a person's feet
2426.jpg,a man with a big belly is laying on a bed
2427.jpg,a woman with a big breast is sitting on a couch
2428.jpg,a man with a bandage around his neck
2429.jpg,a man with red spots on his legs
2430.jpg,a man with a lot of rashes on his chest
2431.jpg,a man is getting his arm and leg in a procedure
2432.jpg,a woman with a black spot on her face
2433.jpg,a baby with a saline and a saline
2434.jpg,a woman laying in bed with a lot of rashes on her legs
2435.jpg,a woman laying in bed with a lot of rashes on her legs
2436.jpg,"a man with a large, thin back and large, thin arms"
2437.jpg,"a man with a large, hairy body and a large, hairy body"
2438.jpg,a man with a large amount of skin on his chest
2439.jpg,a man is getting his leg examined
2440.jpg,"a man with a large, red substance on his leg"
2441.jpg,the left side of the right side of the right side of the right side of the right side
2442.jpg,a ctd ctd ctd ctd ctd ctd ctd ctd ctd
2443.jpg,a close up of a person's nose with a small hole in the middle
2444.jpg,the different stages of the prostate
2445.jpg,a stuffed bear is laying on a bed
2446.jpg,a man with a beard and a black shirt
2447.jpg,a close up of a person's skin
2448.jpg,a close up of a tooth with a tooth
2449.jpg,a close up of a person's mouth with a tooth
2450.jpg,a hand with a lot of white spots and a lot of white spots
2451.jpg,a person with a tattoo on their neck
2452.jpg,a before and after a lip implant
2453.jpg,a person with a wrist tattoo on their arm
2454.jpg,a woman's back with a large lump on her left side
2455.jpg,a person with a bruise on their arm
2456.jpg,a col of images showing the different stages of a patient's nose
2457.jpg,a man with a large lump on his nose
2458.jpg,a woman with a large lump on her face
2459.jpg,a woman with a large stomach and a large stomach
2460.jpg,a person wearing a watch on their wrist
2461.jpg,a person cutting a piece of meat with a knife
2462.jpg,a woman's face with different stages of her nose and lips
2463.jpg,a woman's neck with a large scar on the neck
2464.jpg,"a photo of a human with a small, white substance on the left side of the image is"
2465.jpg,a before and after dental procedure
2466.jpg,a man with a nose transplant
2467.jpg,a fracture in the ankle and ankle
2468.jpg,a photo of a foot with a fracture
2469.jpg,a before and after dental procedure
2470.jpg,a woman's teeth and a man's mouth
2471.jpg,a before and after dental procedure
2472.jpg,a series of images showing the stages of the mouth
2473.jpg,a woman's legs with a small scar
2474.jpg,a man with a large tongue sticking out
2475.jpg,a col of four images showing the different stages of a tongue
2476.jpg,"the inside of a large, round, red, black, and white object"
2477.jpg,a woman's legs and legs are shown in three different pictures
2478.jpg,a col of images showing the different types of vars
2479.jpg,a picture of a tooth with a tooth and a tooth with a tooth
2480.jpg,a woman is laying in a hospital bed
2481.jpg,"a person with a large, red rash on their legs"
2482.jpg,a woman with acne and acne
2483.jpg,a picture of a ball of dough with black mold
2484.jpg,a man's legs before and after treatment
2485.jpg,a man with a large amount of oxygen in his chest
2486.jpg,a man with a large scar on his back and a man with a large scar on his back
2487.jpg,"a man with a large, white spot on his neck"
2488.jpg,"a man with a large, swollen, and swollen skin"
2489.jpg,a close up of a piece of a human with a metal object in it
2490.jpg,a before and after dental procedure
2491.jpg,a man with his tongue out and his mouth open
2492.jpg,a diagram of the different stages of the prostate
2493.jpg,a bunch of fish hanging on a wall
2494.jpg,a close up of a person's mouth with a tooth missing
2495.jpg,a woman with a rash on her chest
2496.jpg,a man with acus and acus on his back
2497.jpg,a person with a foot on a bed
2498.jpg,a man's arm with a vein on the left arm
2499.jpg,a woman with a nose piercing and a pink dress
25.jpg,a person holding their hands with red spots on them
2500.jpg,a woman with a rash on her back
2501.jpg,a woman's breasts before and after surgery
2502.jpg,"a man with a large, dark, and dark skin"
2503.jpg,a man with a beard and a beard with a beard
2504.jpg,a man with dirty hands and hands
2505.jpg,a picture of a patient's mouth and a picture of a patient's mouth
2506.jpg,a col col col col col col col col col col col col col col col col col col
2507.jpg,the left side of the brain and right side of the brain
2508.jpg,a person with a red and white vare on their foot
2509.jpg,a woman with ac acuus on her face
2510.jpg,a man with a rash on his back and a man with a rash on his back
2511.jpg,a woman with a large rash on her back
2512.jpg,a photo of the left breast with a small lump and a small lump
2513.jpg,"a photo of a person with a large, white rash on their legs"
2514.jpg,a woman's skin with a small patch on the left side
2515.jpg,the skin is red and has a lot of red pigment
2516.jpg,a pair of ears with a small hole in the middle
2517.jpg,a woman with a broken tooth and a stel
2518.jpg,a woman with a black hair and a black woman with a pink hair
2519.jpg,a woman with a large stomach and a large stomach
2520.jpg,a woman's hair is shown with a hair transplant procedure
2521.jpg,a hand with a lotion of red spots on it
2522.jpg,a man's stomach before and after treatment
2523.jpg,a woman's skin with a small patch on the left side and a small patch on the
2524.jpg,a woman's skin with acus and acus
2525.jpg,a col of four images showing the damage of the eye and the left eye
2526.jpg,a woman's legs with red spots on the legs
2527.jpg,a col of images showing the different types of acs and acs acs acs ac
2528.jpg,a man with a face mask and a neck tattoo
2529.jpg,a close up of the mouth and the teeth
2530.jpg,a woman with a red spot on her face
2531.jpg,a woman's legs before and after laser removal
2532.jpg,a woman with a black shirt and a black shirt
2533.jpg,a man is being treated for a wound wound
2534.jpg,a man with a lot of hair on his head
2535.jpg,a woman with ac ac ac ac ac ac ac ac ac ac ac ac ac ac ac ac
2536.jpg,a man with a lot of rash on his legs
2537.jpg,a man with a rash on his arm
2538.jpg,a woman's abdomen with a black spot on the abdomen
2539.jpg,a woman with a large stomach and a large stomach
2540.jpg,a man with a rash on his leg
2541.jpg,a man laying in bed with a cast on his leg
2542.jpg,the left eye is shown with a small patch on the left eye
2543.jpg,a woman's hands and hands with a black line on the left side
2544.jpg,a person with a red spot on their foot
2545.jpg,a man with a large amount of rash on his leg
2546.jpg,"a woman's left side view of her left side, and a photo of her right side"
2547.jpg,a person with vars on their legs
2548.jpg,a man with a blue hat and a white shirt
2549.jpg,a man with a large lump on his face
2550.jpg,a woman getting her hair done at a hair salon
2551.jpg,a man with a tooth and a tooth with a tooth and a tooth with a tooth
2552.jpg,a hand with a ring on it
2553.jpg,a photo of a person with a large tumor
2554.jpg,lip enhancement surgery before and after
2555.jpg,a woman's arm with a tattoo on it
2556.jpg,a person cutting a piece of meat with a knife
2557.jpg,a col of images showing the different stages of a hand injury
2558.jpg,a woman with ac ac ac ac ac ac ac ac ac ac ac ac ac ac ac ac
2559.jpg,a man's chest with a lotion and a lotion
2560.jpg,a man sitting on a chair with his hands on his knees
2561.jpg,a man with a hairy hairy hairy hairy hairy hairy hairy hairy hairy hairy hairy hairy hairy hairy hairy
2562.jpg,a woman laying on a bed with a banana
2563.jpg,a hand with a ring on it and a finger with a finger ring on it
2564.jpg,a woman with a large breast and a small breast
2565.jpg,a woman with acis and acis on her face
2566.jpg,a man with a rash on his leg
2567.jpg,a series of images showing the different stages of a patient's hand
2568.jpg,a woman's lips before and after a lip surgery
2569.jpg,the left side of the left leg shows the different stages of the left leg
2570.jpg,the knee is a very important part of the human body
2571.jpg,a col of images of a woman with acu and acu
2572.jpg,a person with a bruise on their leg
2573.jpg,a man's legs and legs with vares
2574.jpg,a woman's mouth with a large bite
2575.jpg,a man's chest and chest with a variety of vares
2576.jpg,a close up of a human eye
2577.jpg,a woman with a lot of red spots on her back
2578.jpg,a man with a face mask and glasses
2579.jpg,a woman's legs with a lot of brown spots
2580.jpg,a woman's legs with red spots on the legs
2581.jpg,a col of images showing the different stages of the disease
2582.jpg,a person with a red rash on their leg
2583.jpg,a col of images showing the different stages of a patient's surgery
2584.jpg,a man is laying down on a hospital bed
2585.jpg,a man with a black mask on his face
2586.jpg,a man with a rash on his arm
2587.jpg,a person with a tooth and a tooth
2588.jpg,a close up of the mouth and tongue with a few of the teeth removed
2589.jpg,a person with a rash on their foot
2590.jpg,a man with a large amount of mud on his face
2591.jpg,a woman with a large scar on her chest
2592.jpg,a man with bruises on his leg laying on a bed
2593.jpg,a man with a large lump on his back and legs
2594.jpg,a col of images showing the results of a patient's breast
2595.jpg,a man with a large lump on his leg and a large lump on his leg
2596.jpg,a person with a foot and a foot with a foot
2597.jpg,a man with a hair transplant
2598.jpg,a close up of a person's mouth with a tooth missing
2599.jpg,a woman's arm with a tattoo on it
26.jpg,a man with a large tongue sticking out
2600.jpg,a man's arm with a small swelling on the left arm
2601.jpg,a person is making a sculpture with a metal object
2602.jpg,"a woman with a large, red rash on her back"
2603.jpg,a woman with a scar on her face
2604.jpg,a man laying on top of a bed next to a woman
2605.jpg,the left eye is shown with a green spot and a green spot
2606.jpg,a photo of the mouth and the teeth
2607.jpg,a man with a swollen tongue and a swollen tongue
2608.jpg,a man with a large lump on his nose and a small lump on his nose
2609.jpg,a man with a large scar on his chest
2610.jpg,a woman with acne and acne
2611.jpg,a man with a wound wound on his knee
2612.jpg,multiple images of the prostate and prostates
2613.jpg,a picture of a person with a rash on their arm
2614.jpg,a man with a hairy hairy pussy and a hairy pussy
2615.jpg,a man is holding a bandage in his hand
2616.jpg,"a woman with a large, red spot on her back"
2617.jpg,a person with a bruised hand and a wound hand
2618.jpg,a woman with a missing tooth and a missing tooth
2619.jpg,a woman with a bandage on her head
2620.jpg,a woman's legs with vares and vares
2621.jpg,a woman with a tattoo on her back
2622.jpg,a person with vares on their legs
2623.jpg,a close up of a person's skin with a small patch on the left side
2624.jpg,a man with a big belly is laying on a bed
2625.jpg,a man's legs with vares and vares
2626.jpg,a woman's back with a lotion rash on her back
2627.jpg,a young boy with a missing tooth
2628.jpg,a man with a tooth and a gum
2629.jpg,a woman with a red nail and a white shirt
2630.jpg,a dental model showing the different stages of the teeth
2631.jpg,a man with a lot of rashes on his back
2632.jpg,a col of images showing the different stages of vars on the skin
2633.jpg,a man with a large breast on his chest
2634.jpg,a man with a lot of rashes on his chest
2635.jpg,a person with a wound on their arm and a person with a wound on their arm
2636.jpg,a woman's left arm with a small patch on the left arm
2637.jpg,a man with a wound on his leg
2638.jpg,a woman's face with ac ac ac ac ac ac ac ac ac ac ac ac ac
2639.jpg,a person with a swollen on their foot
2640.jpg,a col of images of the different stages of a child's face
2641.jpg,a man with a large back tattoo
2642.jpg,a woman's back with a lotion of white spots
2643.jpg,a col of four images of a boy with a nose patch
2644.jpg,a woman with acne and acne
2645.jpg,"a person with a large, swollen, swollen, and swollen tongue"
2646.jpg,a woman with a large breast on her chest
2647.jpg,a woman with a facelift before and after her facelift
2648.jpg,a woman with a rash on her back and a man with a rash on his back
2649.jpg,a man with a beard and a beard transplant
2650.jpg,a man with a rash on his arm
2651.jpg,a woman with a wound on her face
2652.jpg,a man is getting his arm examined by a doctor
2653.jpg,a woman's hands with a small lump on the left hand
2654.jpg,lip augation before and after
2655.jpg,a hand with a small rash on it
2656.jpg,a man with a rash on his leg and a man with a rash on his leg
2657.jpg,a white cat laying on a bed with a white sheet
2658.jpg,a col col col col col col col col col col col col col col col col col col
2659.jpg,a man with a large amount of rash on his body
2660.jpg,a man with a large bruise on his face
2661.jpg,a woman's face before and after a lip injection
2662.jpg,a before and after photo of a hair transplant
2663.jpg,a woman with a large tongue and a large tongue
2664.jpg,a woman's legs before and after treatment
2665.jpg,"a man with a large, hairy chest"
2666.jpg,a woman's hands and arms with red rashes
2667.jpg,a woman's legs with red spots on them
2668.jpg,a man with a wound on his neck
2669.jpg,a man with a large rash on his chest
2670.jpg,a person with a wound on their arm
2671.jpg,a man with a broken face and a broken eye
2672.jpg,"a woman with a large, dark, brown skin"
2673.jpg,a man with a bald and a bald
2674.jpg,a close up of a tooth with a few of teeth
2675.jpg,a col col col col col col col col col col col col col col col col col col
2676.jpg,a woman with a bruised nose and a tooth
2677.jpg,a woman's lips before and after treatment
2678.jpg,a woman with a large amount of skin on her body
2679.jpg,a man's legs with a tattoo on it
2680.jpg,a close up of a person's mouth with a small bite
2681.jpg,a man with a lot of red spots on his back
2682.jpg,a patient's legs with vares and vares
2683.jpg,the left side of the eye shows the different areas of the eye
2684.jpg,a man with a hair transplant before and after
2685.jpg,a foot with a swelling on the left side
2686.jpg,a woman's back and shoulder before and after her skin removal
2687.jpg,the different stages of the leg and foot
2688.jpg,a man with a tooth and a tooth
27.jpg,a person with a bruise on their arm
277.jpg,a person with a rash on their hands
278.jpg,a person holding a baby's hand
279.jpg,a col col col col col col col col col col col col col col col col col col
28.jpg,a man with a black spot on his forehead
280.jpg,"a man with a large, white spot on his back"
281.jpg,a child with a rash on his face
282.jpg,a child with a rash on his back
283.jpg,a person with a rash on their back
284.jpg,"a man with a large, red spot on his chest"
285.jpg,a man with a large back and a lot of rashes on his back
286.jpg,a woman with a rash on her arm
287.jpg,a man with a beard and a pink tongue
288.jpg,a man with a rash on his back
289.jpg,a hand with a fracture and a hand with a fracture
29.jpg,a woman with a large breast and a large breast
3.jpg,a close up of a person's nose with a small hole in the middle
30.jpg,"a man with a large, hairy stomach and a large, hairy stomach"
31.jpg,a close up of a person's tongue
32.jpg,a close up of a person's tongue with black stuff on it
33.jpg,a woman sticking her tongue out to show her tongue
34.jpg,"a close up of a person's mouth with a large, open mouth"
35.jpeg,a man with a hair transplant on his head
36.jpeg,a man with a tooth and a tooth
37.jpeg,a person with a pair of hands holding a pair of nails
38.jpeg,a person holding their hand up to the camera
39.jpeg,a man with a large amount of dirt on his tongue
4.jpg,a woman's hairy pussy and her hairy pussy pussy
40.jpeg,a man with a rash on his arm
41.jpeg,a person with a tongue sticking out their tongue
42.jpg,a man with a bruise on his eye
43.jpg,a man with a yellow spot on his eye
44.jpg,a man with a finger on his eye
45.jpeg,a person with a wrist injury
46.jpeg,a man with a pink shirt on
47.jpeg,a woman with a large breast and a large breast
48.jpeg,a woman with a large red spot on her stomach
49a.jpg,a series of images showing the stages of the mouth
49b.jpg,a series of images showing the stages of the mouth and the teeth
49c.jpg,a close up of the mouth and tongue with a few of the teeth removed
5.jpg,a man with a large lump on his chest
50a.jpg,a woman's legs with a small scar
50b.jpg,a woman with a large back and a large back
51.jpg,a man with a large tongue sticking out
52.jpg,a col of four images showing the different stages of a tongue
53.jpg,the inside of a human's stomach
54.jpg,a woman's legs with a small patch on the left side
55.jpg,a col of images showing the different types of vars on the legs
56.jpg,a man with a lot of red rashes on his legs
56a.jpg,a man with a black hat and a red nose
57.jpg,a picture of a tooth with a tooth and a tooth with a tooth
57a.jpg,a tooth with a tooth and a tooth with a tooth
57b.jpg,a tooth with a tooth and a tooth implant
58.jpg,a man's legs before and after treatment
59.jpg,a man with a large amount of skin and a large amount of hair
6.jpg,a woman's arm with a small wound on it
60.jpg,a man with a large scar on his back and a man with a large scar on his back
61.jpg,"a man with a large, white spot on his neck"
62.jpg,a person with a large rash on their back
63.jpg,a before and after dental procedure
64.jpg,a man with his tongue out and his mouth open
65.jpg,a diagram of the different stages of the prostate
66.jpg,a picture of a sheep with a blanket
67a.jpg,a close up of a person's mouth with a tooth missing
67b.jpg,a close up of a person's tongue
67c.jpg,a man with a large tongue and a small tongue
67d.jpg,a close up of a person's mouth with a tooth missing
67e.jpg,"a woman's lips with a swollen, swollen and swollen"
68.jpg,a woman with a rash on her chest
68a.jpg,"a man with a large, red rash on his back"
69.jpg,a man with acus and acus on his back
7.jpg,a man with a large stomach and a large stomach
70.jpg,a picture of a person with a tattoo on their arm
71.jpg,a woman with a pink shirt and a nose piercing
71a.jpg,a person with a wound on their arm
72a.jpg,a woman with a rash on her back
72b.jpg,a woman's legs with red spots
72c.jpg,a person with eciosis on their hands
73.jpg,a man with a beard and a beard with a beard
73a.jpg,a woman with a lotion on her back
74.jpg,"a man with a large, dark, hairy body"
75.jpg,a woman's breasts before and after surgery
76.jpg,a man's hands with dirty hands
77.jpg,a hand with a rash on it and a hand with a rash on it
78.jpg,a man's stomach before and after his treatment
79.jpg,a woman's skin with acus and acus
8.jpg,a woman with a large back and large back
80.jpg,a col of images showing the different stages of the skin
81.jpg,a close up of the mouth and the teeth
81a.jpg,a close up of the left side of the ut and the right side of the ut
81b.jpg,a close up of a tooth with a tooth
82.jpg,a woman with a rash on her leg
82a.jpg,"a woman with a large, swollen back and a large, swollen back"
83.jpg,lip augation before and after
84.jpg,a man's chest with a lotion and a lotion
85a.jpg,a man with a rash on his leg
85b.jpg,a person with a white nail and a black nail
85c.jpg,a man with a large stomach and a large stomach with a large stomach
86.jpg,a series of pictures showing a person with a wound wound on his hand
87.jpg,a woman with acis and acis on her face
88.jpg,a man's legs and legs with vares
89.jpg,a man with a face mask and glasses
89a.jpg,a woman with acne and acne on her back
9.jpg,a man with a large lump on his tongue
90.jpg,a man with a black mask on his face
91.jpg,a person with a bruise on their foot
92.jpg,a man with a large lump on his leg and a large lump on his leg
93.jpg,a close up of the eye with a green spot
94.jpg,a man with a swollen tongue and a swollen tongue
94a.jpg,a woman with a wound on her chest
95.jpg,a woman with a missing tooth and a missing tooth
96.jpg,a man's legs with vares and vares
97.jpg,a man with a beard and a beard transplant
97a.jpg,a man with a leg on a chair
97b.jpg,a person with a rash on their arm
98.jpg,a man with a lot of rash on his leg
99.jpg,a col col col col col col col col col col col col col col col col col col
